Albanchez-de-Magina,37.770749,-3.789339
Alcala-la-Real,37.4658741590308,-3.9473788522
Alcaudete,37.5969220320791,-4.1077515070
Aldeaquemada,38.4015531675919,-3.3631956940
Andujar,38.1769522775717,-4.1036889444
Arjona,37.9315904321692,-4.0525704690
Arjonilla,38.0044013672367,-4.1133174748
Arquillos,38.222384034559,-3.40716740966
Arroyo-del-Ojanco,38.3143428652164,-2.8887365379
