Albanchez-de-Magina,37.770749,-3.789339
Alcala-la-Real,37.4658741590308,-3.9473788522
Alcaudete,37.5969220320791,-4.1077515070
Aldeaquemada,38.4015531675919,-3.3631956940
